text,label
"I enjoy cooking dinner after long days because it helps me relax and reset.",human
"Walking around the neighborhood in the early morning always clears my mind.",human
"My friend and I spent the entire afternoon talking about life and our future plans.",human
"I felt overwhelmed last week, so I took a day off social media and felt much better.",human
"I love journaling because it lets me process thoughts I didn’t realize I had.",human
"I had a long but productive day. I finished an assignment, cleaned my apartment, and treated myself to ice cream.",human
"Reading novels before bed helps me fall asleep more peacefully.",human
"I went to a café yesterday and ended up staying for hours writing in my notebook.",human
"I'm trying to be more patient with myself, especially when I’m learning something new.",human
"I really enjoy spontaneous trips. Last weekend I drove to the beach without any plan.",human
"Artificial intelligence enhances decision-making by extracting patterns from large datasets.",ai
"Machine learning algorithms provide scalable solutions for predictive modeling and analysis.",ai
"Optimizing workflow efficiency requires evaluating key performance indicators and allocating resources strategically.",ai
"Neural networks enable systems to generalize from complex and high-dimensional input data.",ai
"Data-driven insights help organizations make evidence-based decisions and reduce uncertainty.",ai
"Automation improves productivity and minimizes repetitive manual tasks within technical environments.",ai
"Generative models can synthesize realistic text by learning contextual relationships among tokens.",ai
"Advanced algorithms enable semantic understanding and natural language generation.",ai
"Technological innovation facilitates integration between cloud platforms and intelligent systems.",ai
"Statistical models provide structured frameworks for analyzing relationships between variables.",ai
